{
  "Matemáticas": {
    "keras": {
      "accuracy": 0.7804,
      "precision": 0.606,
      "recall": 0.2218,
      "f1": 0.3248,
      "roc_auc": 0.7674,
      "average_precision": 0.4971
    },
    "hgb": {
      "accuracy": 0.7841214291527631,
      "precision": 0.5829787234042553,
      "recall": 0.32780721244231753,
      "f1": 0.41964774094737994,
      "roc_auc": 0.7706683107637853,
      "average_precision": 0.5064327516965358
    }
  },
  "Lectura Crítica": {
    "keras": {
      "accuracy": 0.782,
      "precision": 0.544,
      "recall": 0.1769,
      "f1": 0.267,
      "roc_auc": 0.761,
      "average_precision": 0.4503
    },
    "hgb": {
      "accuracy": 0.7813542768780012,
      "precision": 0.5223507346045639,
      "recall": 0.3029369108049311,
      "f1": 0.38347676419965576,
      "roc_auc": 0.7628593130576323,
      "average_precision": 0.46323402699372646
    }
  },
  "Ciencias Naturales": {
    "keras": {
      "accuracy": 0.7736,
      "precision": 0.5934,
      "recall": 0.1915,
      "f1": 0.2896,
      "roc_auc": 0.7464,
      "average_precision": 0.4807
    },
    "hgb": {
      "accuracy": 0.7718320175795557,
      "precision": 0.5456130156885531,
      "recall": 0.3171761526769127,
      "f1": 0.40115347644985583,
      "roc_auc": 0.7486977000819408,
      "average_precision": 0.4859101144673603
    }
  },
  "Sociales y Ciudadanas": {
    "keras": {
      "accuracy": 0.7827,
      "precision": 0.6009,
      "recall": 0.1573,
      "f1": 0.2494,
      "roc_auc": 0.7568,
      "average_precision": 0.4697
    },
    "hgb": {
      "accuracy": 0.7846911369740376,
      "precision": 0.5695948656237465,
      "recall": 0.2518623625399078,
      "f1": 0.3492805312999631,
      "roc_auc": 0.7586561763730423,
      "average_precision": 0.4784446049586901
    }
  },
  "Inglés": {
    "keras": {
      "accuracy": 0.7932,
      "precision": 0.5867,
      "recall": 0.3594,
      "f1": 0.4458,
      "roc_auc": 0.7805,
      "average_precision": 0.5168
    },
    "hgb": {
      "accuracy": 0.7916090176609425,
      "precision": 0.5747885835095138,
      "recall": 0.3824512045014946,
      "f1": 0.4592968007602154,
      "roc_auc": 0.7843122715647686,
      "average_precision": 0.5221620338733675
    }
  }
}