{
  "Matemáticas": {
    "keras": {
      "accuracy": 0.7781801904451859,
      "precision": 0.5509943906170321,
      "recall": 0.36933857460263203,
      "f1": 0.4422388212421979,
      "roc_auc": 0.7664949177245359,
      "average_precision": 0.49456294949776824
    },
    "hgb": {
      "accuracy": 0.7841214291527631,
      "precision": 0.5829787234042553,
      "recall": 0.32780721244231753,
      "f1": 0.41964774094737994,
      "roc_auc": 0.7706683107637853,
      "average_precision": 0.5064327516965358
    }
  },
  "Lectura Crítica": {
    "keras": {
      "accuracy": 0.7798486204932042,
      "precision": 0.5161683953630263,
      "recall": 0.3067440174039159,
      "f1": 0.38480782351603365,
      "roc_auc": 0.7616407655543465,
      "average_precision": 0.45730484624742196
    },
    "hgb": {
      "accuracy": 0.7813542768780012,
      "precision": 0.5223507346045639,
      "recall": 0.3029369108049311,
      "f1": 0.38347676419965576,
      "roc_auc": 0.7628593130576323,
      "average_precision": 0.46323402699372646
    }
  },
  "Ciencias Naturales": {
    "keras": {
      "accuracy": 0.7729307398062993,
      "precision": 0.5539727761949984,
      "recall": 0.29555818273940215,
      "f1": 0.3854625550660793,
      "roc_auc": 0.7474792726726702,
      "average_precision": 0.48012591442522023
    },
    "hgb": {
      "accuracy": 0.7718320175795557,
      "precision": 0.5456130156885531,
      "recall": 0.3171761526769127,
      "f1": 0.40115347644985583,
      "roc_auc": 0.7486977000819408,
      "average_precision": 0.4859101144673603
    }
  },
  "Sociales y Ciudadanas": {
    "keras": {
      "accuracy": 0.780336941482868,
      "precision": 0.544477390659748,
      "recall": 0.260553387726144,
      "f1": 0.352447216890595,
      "roc_auc": 0.756726706099731,
      "average_precision": 0.4688211362882395
    },
    "hgb": {
      "accuracy": 0.7846911369740376,
      "precision": 0.5695948656237465,
      "recall": 0.2518623625399078,
      "f1": 0.3492805312999631,
      "roc_auc": 0.7586561763730423,
      "average_precision": 0.4784446049586901
    }
  },
  "Inglés": {
    "keras": {
      "accuracy": 0.7905916822658093,
      "precision": 0.569376763272634,
      "recall": 0.3903639880429049,
      "f1": 0.4631754642186522,
      "roc_auc": 0.7825175984638876,
      "average_precision": 0.5168746677052332
    },
    "hgb": {
      "accuracy": 0.7916090176609425,
      "precision": 0.5747885835095138,
      "recall": 0.3824512045014946,
      "f1": 0.4592968007602154,
      "roc_auc": 0.7843122715647686,
      "average_precision": 0.5221620338733675
    }
  }
}