{
  "bin_edges": [
    -184.57745361328125,
    -177.26678161621095,
    -169.95610961914062,
    -162.64543762207032,
    -155.334765625,
    -148.0240936279297,
    -140.7134216308594,
    -133.40274963378906,
    -126.09207763671876,
    -118.78140563964844,
    -111.47073364257812,
    -104.16006164550781,
    -96.8493896484375,
    -89.53871765136718,
    -82.22804565429688,
    -74.91737365722656,
    -67.60670166015625,
    -60.29602966308593,
    -52.98535766601563,
    -45.6746856689453,
    -38.364013671875,
    -31.05334167480467,
    -23.74266967773437,
    -16.431997680664068,
    -9.121325683593739,
    -1.8106536865234375,
    5.500018310546892,
    12.810690307617193,
    20.121362304687494,
    27.432034301757824,
    34.742706298828125,
    42.053378295898455,
    49.364050292968756,
    56.67472229003906,
    63.985394287109386,
    71.29606628417969,
    78.60673828124999,
    85.91741027832035,
    93.22808227539065,
    100.53875427246095,
    107.84942626953125,
    115.16009826660155,
    122.47077026367191,
    129.7814422607422,
    137.0921142578125,
    144.4027862548828,
    151.7134582519531,
    159.02413024902347,
    166.33480224609377,
    173.64547424316407,
    180.95614624023438
  ],
  "counts": [
    2,
    0,
    1,
    0,
    1,
    1,
    1,
    1,
    2,
    8,
    15,
    23,
    60,
    72,
    122,
    216,
    324,
    498,
    668,
    989,
    1390,
    1559,
    1787,
    1994,
    1949,
    1952,
    1878,
    1601,
    1416,
    1250,
    1088,
    880,
    721,
    559,
    433,
    321,
    236,
    170,
    120,
    109,
    57,
    44,
    14,
    18,
    8,
    3,
    6,
    3,
    2,
    1
  ],
  "n_total": 24573,
  "media": 3.0146,
  "std": 37.7853,
  "p05": -54.4718,
  "p95": 69.025
}